{"KC": {"DL":0.3404255,"DM":0.5333333,"DR":0.3061224,"SL":0.6394558,"SM":0.606383,"SR":0.6515837,"Total":0.582897},"PHI": {"DL":0.5098039,"DM":0.4705882,"DR":0.4324324,"SL":0.6592179,"SM":0.6593407,"SR":0.5781991,"Total":0.5874799},"IND": {"DL":0.3965517,"DM":0.4761905,"DR":0.3409091,"SL":0.6162791,"SM":0.6860465,"SR":0.6613757,"Total":0.5929825},"CLE": {"DL":0.3166667,"DM":0.6521739,"DR":0.2758621,"SL":0.6783626,"SM":0.6941176,"SR":0.6431925,"Total":0.5934426},"HOU": {"DL":0.2666667,"DM":0.4,"DR":0.3111111,"SL":0.6682692,"SM":0.5811966,"SR":0.7035176,"Total":0.596302},"NE": {"DL":0.3783784,"DM":0.75,"DR":0.3934426,"SL":0.6149733,"SM":0.6862745,"SR":0.6802326,"Total":0.5980392},"SD": {"DL":0.2368421,"DM":0.5238095,"DR":0.4107143,"SL":0.6514286,"SM":0.6630435,"SR":0.672043,"Total":0.6038732},"GB": {"DL":0.4807692,"DM":0.4210526,"DR":0.3636364,"SL":0.6092715,"SM":0.7238806,"SR":0.6612903,"Total":0.616041},"BUF": {"DL":0.3333333,"DM":0.55,"DR":0.25,"SL":0.6918605,"SM":0.7117117,"SR":0.6467662,"Total":0.6165541},"SF": {"DL":0.4259259,"DM":0.4,"DR":0.4354839,"SL":0.7108434,"SM":0.7682927,"SR":0.6340206,"Total":0.622449},"CIN": {"DL":0.2758621,"DM":0.4583333,"DR":0.4390244,"SL":0.75625,"SM":0.65625,"SR":0.625,"Total":0.6253918},"SEA": {"DL":0.3265306,"DM":0.4,"DR":0.375,"SL":0.7349398,"SM":0.7094017,"SR":0.6363636,"Total":0.630597},"DEN": {"DL":0.2894737,"DM":0.4166667,"DR":0.4255319,"SL":0.6865672,"SM":0.7007874,"SR":0.6724138,"Total":0.6337818},"OAK": {"DL":0.2564103,"DM":0.6206897,"DR":0.4166667,"SL":0.7380952,"SM":0.6525424,"SR":0.6512821,"Total":0.634188},"TEN": {"DL":0.4186047,"DM":0.4444444,"DR":0.4693878,"SL":0.7237569,"SM":0.6349206,"SR":0.6794258,"Total":0.6398601},"PIT": {"DL":0.4375,"DM":0.5,"DR":0.6382979,"SL":0.6666667,"SM":0.706422,"SR":0.6395939,"Total":0.6416084},"NO": {"DL":0.5116279,"DM":0.4545455,"DR":0.3695652,"SL":0.6906077,"SM":0.7473684,"SR":0.6648936,"Total":0.6434783},"NYJ": {"DL":0.4,"DM":0.6111111,"DR":0.5,"SL":0.6961326,"SM":0.7294118,"SR":0.6395939,"Total":0.6457961},"NYG": {"DL":0.4807692,"DM":0.5,"DR":0.5121951,"SL":0.615894,"SM":0.8623853,"SR":0.6449704,"Total":0.6478102},"MIA": {"DL":0.3404255,"DM":0.4375,"DR":0.5428571,"SL":0.7292818,"SM":0.6702128,"SR":0.6740331,"Total":0.6480144},"BAL": {"DL":0.4473684,"DM":0.6153846,"DR":0.5106383,"SL":0.6616162,"SM":0.704,"SR":0.6871508,"Total":0.6501597},"ARI": {"DL":0.4827586,"DM":0.6551724,"DR":0.3018868,"SL":0.7005988,"SM":0.7383178,"SR":0.6754386,"Total":0.6508972},"JAC": {"DL":0.3333333,"DM":0.6818182,"DR":0.5081967,"SL":0.6933333,"SM":0.7322835,"SR":0.6860465,"Total":0.6566901},"WAS": {"DL":0.3414634,"DM":0.32,"DR":0.5208333,"SL":0.7707006,"SM":0.7256637,"SR":0.6706587,"Total":0.6569873},"ATL": {"DL":0.4,"DM":0.6206897,"DR":0.3589744,"SL":0.7176471,"SM":0.7244094,"SR":0.704142,"Total":0.6592466},"DET": {"DL":0.3846154,"DM":0.6206897,"DR":0.3243243,"SL":0.7076923,"SM":0.7457627,"SR":0.6756757,"Total":0.6634769},"CAR": {"DL":0.5,"DM":0.5833333,"DR":0.5357143,"SL":0.6797753,"SM":0.6454545,"SR":0.7227723,"Total":0.66609},"MIN": {"DL":0.3191489,"DM":0.6923077,"DR":0.4166667,"SL":0.7362637,"SM":0.7261905,"SR":0.7333333,"Total":0.6713533},"DAL": {"DL":0.3783784,"DM":0.6190476,"DR":0.3658537,"SL":0.7345679,"SM":0.7480916,"SR":0.7085427,"Total":0.676819},"CHI": {"DL":0.5227273,"DM":0.6315789,"DR":0.6666667,"SL":0.7287234,"SM":0.6632653,"SR":0.6971429,"Total":0.6836555},"STL": {"DL":0.3125,"DM":0.6363636,"DR":0.2857143,"SL":0.7628205,"SM":0.7118644,"SR":0.7389163,"Total":0.6837456},"TB": {"DL":0.4324324,"DM":0.6333333,"DR":0.5555556,"SL":0.7151515,"SM":0.7666667,"SR":0.7357513,"Total":0.6983051}}