{"KC": {"DEEP LEFT":0.3404255,"DEEP MIDDLE":0.5333333,"DEEP RIGHT":0.3061224,"SHORT LEFT":0.6394558,"SHORT MIDDLE":0.606383,"SHORT RIGHT":0.6515837,"DPassTotal_Completes":0.582897},"PHI": {"DEEP LEFT":0.5098039,"DEEP MIDDLE":0.4705882,"DEEP RIGHT":0.4324324,"SHORT LEFT":0.6592179,"SHORT MIDDLE":0.6593407,"SHORT RIGHT":0.5781991,"DPassTotal_Completes":0.5874799},"IND": {"DEEP LEFT":0.3965517,"DEEP MIDDLE":0.4761905,"DEEP RIGHT":0.3409091,"SHORT LEFT":0.6162791,"SHORT MIDDLE":0.6860465,"SHORT RIGHT":0.6613757,"DPassTotal_Completes":0.5929825},"CLE": {"DEEP LEFT":0.3166667,"DEEP MIDDLE":0.6521739,"DEEP RIGHT":0.2758621,"SHORT LEFT":0.6783626,"SHORT MIDDLE":0.6941176,"SHORT RIGHT":0.6431925,"DPassTotal_Completes":0.5934426},"HOU": {"DEEP LEFT":0.2666667,"DEEP MIDDLE":0.4,"DEEP RIGHT":0.3111111,"SHORT LEFT":0.6682692,"SHORT MIDDLE":0.5811966,"SHORT RIGHT":0.7035176,"DPassTotal_Completes":0.596302},"NE": {"DEEP LEFT":0.3783784,"DEEP MIDDLE":0.75,"DEEP RIGHT":0.3934426,"SHORT LEFT":0.6149733,"SHORT MIDDLE":0.6862745,"SHORT RIGHT":0.6802326,"DPassTotal_Completes":0.5980392},"SD": {"DEEP LEFT":0.2368421,"DEEP MIDDLE":0.5238095,"DEEP RIGHT":0.4107143,"SHORT LEFT":0.6514286,"SHORT MIDDLE":0.6630435,"SHORT RIGHT":0.672043,"DPassTotal_Completes":0.6038732},"GB": {"DEEP LEFT":0.4807692,"DEEP MIDDLE":0.4210526,"DEEP RIGHT":0.3636364,"SHORT LEFT":0.6092715,"SHORT MIDDLE":0.7238806,"SHORT RIGHT":0.6612903,"DPassTotal_Completes":0.616041},"BUF": {"DEEP LEFT":0.3333333,"DEEP MIDDLE":0.55,"DEEP RIGHT":0.25,"SHORT LEFT":0.6918605,"SHORT MIDDLE":0.7117117,"SHORT RIGHT":0.6467662,"DPassTotal_Completes":0.6165541},"SF": {"DEEP LEFT":0.4259259,"DEEP MIDDLE":0.4,"DEEP RIGHT":0.4354839,"SHORT LEFT":0.7108434,"SHORT MIDDLE":0.7682927,"SHORT RIGHT":0.6340206,"DPassTotal_Completes":0.622449},"CIN": {"DEEP LEFT":0.2758621,"DEEP MIDDLE":0.4583333,"DEEP RIGHT":0.4390244,"SHORT LEFT":0.75625,"SHORT MIDDLE":0.65625,"SHORT RIGHT":0.625,"DPassTotal_Completes":0.6253918},"SEA": {"DEEP LEFT":0.3265306,"DEEP MIDDLE":0.4,"DEEP RIGHT":0.375,"SHORT LEFT":0.7349398,"SHORT MIDDLE":0.7094017,"SHORT RIGHT":0.6363636,"DPassTotal_Completes":0.630597},"DEN": {"DEEP LEFT":0.2894737,"DEEP MIDDLE":0.4166667,"DEEP RIGHT":0.4255319,"SHORT LEFT":0.6865672,"SHORT MIDDLE":0.7007874,"SHORT RIGHT":0.6724138,"DPassTotal_Completes":0.6337818},"OAK": {"DEEP LEFT":0.2564103,"DEEP MIDDLE":0.6206897,"DEEP RIGHT":0.4166667,"SHORT LEFT":0.7380952,"SHORT MIDDLE":0.6525424,"SHORT RIGHT":0.6512821,"DPassTotal_Completes":0.634188},"TEN": {"DEEP LEFT":0.4186047,"DEEP MIDDLE":0.4444444,"DEEP RIGHT":0.4693878,"SHORT LEFT":0.7237569,"SHORT MIDDLE":0.6349206,"SHORT RIGHT":0.6794258,"DPassTotal_Completes":0.6398601},"PIT": {"DEEP LEFT":0.4375,"DEEP MIDDLE":0.5,"DEEP RIGHT":0.6382979,"SHORT LEFT":0.6666667,"SHORT MIDDLE":0.706422,"SHORT RIGHT":0.6395939,"DPassTotal_Completes":0.6416084},"NO": {"DEEP LEFT":0.5116279,"DEEP MIDDLE":0.4545455,"DEEP RIGHT":0.3695652,"SHORT LEFT":0.6906077,"SHORT MIDDLE":0.7473684,"SHORT RIGHT":0.6648936,"DPassTotal_Completes":0.6434783},"NYJ": {"DEEP LEFT":0.4,"DEEP MIDDLE":0.6111111,"DEEP RIGHT":0.5,"SHORT LEFT":0.6961326,"SHORT MIDDLE":0.7294118,"SHORT RIGHT":0.6395939,"DPassTotal_Completes":0.6457961},"NYG": {"DEEP LEFT":0.4807692,"DEEP MIDDLE":0.5,"DEEP RIGHT":0.5121951,"SHORT LEFT":0.615894,"SHORT MIDDLE":0.8623853,"SHORT RIGHT":0.6449704,"DPassTotal_Completes":0.6478102},"MIA": {"DEEP LEFT":0.3404255,"DEEP MIDDLE":0.4375,"DEEP RIGHT":0.5428571,"SHORT LEFT":0.7292818,"SHORT MIDDLE":0.6702128,"SHORT RIGHT":0.6740331,"DPassTotal_Completes":0.6480144},"BAL": {"DEEP LEFT":0.4473684,"DEEP MIDDLE":0.6153846,"DEEP RIGHT":0.5106383,"SHORT LEFT":0.6616162,"SHORT MIDDLE":0.704,"SHORT RIGHT":0.6871508,"DPassTotal_Completes":0.6501597},"ARI": {"DEEP LEFT":0.4827586,"DEEP MIDDLE":0.6551724,"DEEP RIGHT":0.3018868,"SHORT LEFT":0.7005988,"SHORT MIDDLE":0.7383178,"SHORT RIGHT":0.6754386,"DPassTotal_Completes":0.6508972},"JAC": {"DEEP LEFT":0.3333333,"DEEP MIDDLE":0.6818182,"DEEP RIGHT":0.5081967,"SHORT LEFT":0.6933333,"SHORT MIDDLE":0.7322835,"SHORT RIGHT":0.6860465,"DPassTotal_Completes":0.6566901},"WAS": {"DEEP LEFT":0.3414634,"DEEP MIDDLE":0.32,"DEEP RIGHT":0.5208333,"SHORT LEFT":0.7707006,"SHORT MIDDLE":0.7256637,"SHORT RIGHT":0.6706587,"DPassTotal_Completes":0.6569873},"ATL": {"DEEP LEFT":0.4,"DEEP MIDDLE":0.6206897,"DEEP RIGHT":0.3589744,"SHORT LEFT":0.7176471,"SHORT MIDDLE":0.7244094,"SHORT RIGHT":0.704142,"DPassTotal_Completes":0.6592466},"DET": {"DEEP LEFT":0.3846154,"DEEP MIDDLE":0.6206897,"DEEP RIGHT":0.3243243,"SHORT LEFT":0.7076923,"SHORT MIDDLE":0.7457627,"SHORT RIGHT":0.6756757,"DPassTotal_Completes":0.6634769},"CAR": {"DEEP LEFT":0.5,"DEEP MIDDLE":0.5833333,"DEEP RIGHT":0.5357143,"SHORT LEFT":0.6797753,"SHORT MIDDLE":0.6454545,"SHORT RIGHT":0.7227723,"DPassTotal_Completes":0.66609},"MIN": {"DEEP LEFT":0.3191489,"DEEP MIDDLE":0.6923077,"DEEP RIGHT":0.4166667,"SHORT LEFT":0.7362637,"SHORT MIDDLE":0.7261905,"SHORT RIGHT":0.7333333,"DPassTotal_Completes":0.6713533},"DAL": {"DEEP LEFT":0.3783784,"DEEP MIDDLE":0.6190476,"DEEP RIGHT":0.3658537,"SHORT LEFT":0.7345679,"SHORT MIDDLE":0.7480916,"SHORT RIGHT":0.7085427,"DPassTotal_Completes":0.676819},"CHI": {"DEEP LEFT":0.5227273,"DEEP MIDDLE":0.6315789,"DEEP RIGHT":0.6666667,"SHORT LEFT":0.7287234,"SHORT MIDDLE":0.6632653,"SHORT RIGHT":0.6971429,"DPassTotal_Completes":0.6836555},"STL": {"DEEP LEFT":0.3125,"DEEP MIDDLE":0.6363636,"DEEP RIGHT":0.2857143,"SHORT LEFT":0.7628205,"SHORT MIDDLE":0.7118644,"SHORT RIGHT":0.7389163,"DPassTotal_Completes":0.6837456},"TB": {"DEEP LEFT":0.4324324,"DEEP MIDDLE":0.6333333,"DEEP RIGHT":0.5555556,"SHORT LEFT":0.7151515,"SHORT MIDDLE":0.7666667,"SHORT RIGHT":0.7357513,"DPassTotal_Completes":0.6983051}}